filename, class_number, a_angle, e_angle
Dawn_0.png, 5, 165, 155
Dawn_1.png, 5, 223, 38
Dawn_2.png, 5, 175, 131
Dawn_3.png, 5, 183, 227
Dawn_4.png, 5, 82, 320
Dawn_5.png, 5, 360, 193
Dawn_6.png, 5, 175, 15
Dawn_7.png, 5, 19, 163
Dawn_8.png, 5, 13, 10
Dawn_9.png, 5, 258, 277
Dawn_10.png, 5, 87, 90
Dawn_11.png, 5, 137, 61
Dawn_12.png, 5, 202, 290
Dawn_13.png, 5, 236, 356
Dawn_14.png, 5, 6, 6
Dawn_15.png, 5, 93, 142
Dawn_16.png, 5, 109, 221
Dawn_17.png, 5, 342, 247
Dawn_18.png, 5, 143, 139
Dawn_19.png, 5, 189, 82
Dawn_20.png, 5, 80, 195
Dawn_21.png, 5, 22, 165
Dawn_22.png, 5, 82, 127
Dawn_23.png, 5, 91, 114
Dawn_24.png, 5, 242, 211
Dawn_25.png, 5, 169, 154
Dawn_26.png, 5, 58, 63
Dawn_27.png, 5, 98, 181
Dawn_28.png, 5, 111, 168
Dawn_29.png, 5, 323, 217
Dawn_30.png, 5, 149, 294
Dawn_31.png, 5, 238, 336
Dawn_32.png, 5, 182, 162
Dawn_33.png, 5, 129, 347
Dawn_34.png, 5, 337, 346
Dawn_35.png, 5, 103, 318
Dawn_36.png, 5, 197, 71
Dawn_37.png, 5, 218, 277
Dawn_38.png, 5, 33, 349
Dawn_39.png, 5, 64, 16
Dawn_40.png, 5, 270, 249
Dawn_41.png, 5, 177, 141
Dawn_42.png, 5, 36, 99
Dawn_43.png, 5, 106, 352
Dawn_44.png, 5, 153, 280
Dawn_45.png, 5, 302, 206
Dawn_46.png, 5, 168, 32
Dawn_47.png, 5, 93, 164
Dawn_48.png, 5, 248, 305
Dawn_49.png, 5, 208, 296
Dawn_50.png, 5, 111, 200
Dawn_51.png, 5, 305, 343
Dawn_52.png, 5, 116, 104
Dawn_53.png, 5, 67, 191
Dawn_54.png, 5, 203, 10
Dawn_55.png, 5, 30, 270
Dawn_56.png, 5, 327, 235
Dawn_57.png, 5, 260, 281
Dawn_58.png, 5, 12, 75
Dawn_59.png, 5, 37, 323
Dawn_60.png, 5, 333, 93
Dawn_61.png, 5, 109, 190
Dawn_62.png, 5, 358, 134
Dawn_63.png, 5, 238, 101
Dawn_64.png, 5, 295, 63
Dawn_65.png, 5, 131, 308
Dawn_66.png, 5, 338, 116
Dawn_67.png, 5, 53, 262
Dawn_68.png, 5, 108, 104
Dawn_69.png, 5, 123, 211
Dawn_70.png, 5, 42, 296
Dawn_71.png, 5, 17, 290
Dawn_72.png, 5, 10, 18
Dawn_73.png, 5, 136, 56
Dawn_74.png, 5, 70, 324
Dawn_75.png, 5, 25, 238
Dawn_76.png, 5, 193, 196
Dawn_77.png, 5, 280, 45
Dawn_78.png, 5, 310, 260
Dawn_79.png, 5, 23, 268
Dawn_80.png, 5, 176, 231
Dawn_81.png, 5, 45, 239
Dawn_82.png, 5, 80, 249
Dawn_83.png, 5, 40, 339
Dawn_84.png, 5, 333, 240
Dawn_85.png, 5, 54, 176
Dawn_86.png, 5, 25, 107
Dawn_87.png, 5, 279, 177
Dawn_88.png, 5, 132, 285
Dawn_89.png, 5, 60, 347
Dawn_90.png, 5, 62, 323
Dawn_91.png, 5, 183, 30
Dawn_92.png, 5, 81, 189
Dawn_93.png, 5, 338, 214
Dawn_94.png, 5, 134, 263
Dawn_95.png, 5, 323, 108
Dawn_96.png, 5, 40, 121
Dawn_97.png, 5, 92, 104
Dawn_98.png, 5, 107, 32
Dawn_99.png, 5, 271, 107
Dawn_100.png, 5, 252, 210
Dawn_101.png, 5, 307, 277
Dawn_102.png, 5, 71, 96
Dawn_103.png, 5, 250, 155
Dawn_104.png, 5, 360, 119
Dawn_105.png, 5, 79, 7
Dawn_106.png, 5, 267, 160
Dawn_107.png, 5, 46, 169
Dawn_108.png, 5, 199, 340
Dawn_109.png, 5, 10, 331
Dawn_110.png, 5, 111, 182
Dawn_111.png, 5, 3, 265
Dawn_112.png, 5, 349, 29
Dawn_113.png, 5, 134, 196
Dawn_114.png, 5, 9, 178
Dawn_115.png, 5, 82, 170
Dawn_116.png, 5, 315, 186
Dawn_117.png, 5, 294, 310
Dawn_118.png, 5, 338, 39
Dawn_119.png, 5, 127, 211
Dawn_120.png, 5, 207, 213
Dawn_121.png, 5, 279, 275
Dawn_122.png, 5, 113, 253
Dawn_123.png, 5, 172, 217
Dawn_124.png, 5, 111, 75
Dawn_125.png, 5, 346, 139
Dawn_126.png, 5, 48, 106
Dawn_127.png, 5, 185, 46
Dawn_128.png, 5, 341, 203
Dawn_129.png, 5, 296, 65
Dawn_130.png, 5, 51, 58
Dawn_131.png, 5, 280, 110
Dawn_132.png, 5, 222, 7
Dawn_133.png, 5, 152, 182
Dawn_134.png, 5, 138, 260
Dawn_135.png, 5, 358, 350
Dawn_136.png, 5, 73, 188
Dawn_137.png, 5, 88, 344
Dawn_138.png, 5, 274, 184
Dawn_139.png, 5, 342, 260
Dawn_140.png, 5, 23, 357
Dawn_141.png, 5, 116, 204
Dawn_142.png, 5, 92, 297
Dawn_143.png, 5, 332, 48
Dawn_144.png, 5, 118, 338
Dawn_145.png, 5, 152, 264
Dawn_146.png, 5, 64, 193
Dawn_147.png, 5, 103, 43
Dawn_148.png, 5, 141, 53
Dawn_149.png, 5, 78, 269
Dawn_150.png, 5, 157, 183
Dawn_151.png, 5, 339, 189
Dawn_152.png, 5, 32, 290
Dawn_153.png, 5, 45, 296
Dawn_154.png, 5, 266, 214
Dawn_155.png, 5, 131, 249
Dawn_156.png, 5, 125, 93
Dawn_157.png, 5, 198, 224
Dawn_158.png, 5, 84, 254
Dawn_159.png, 5, 315, 346
Dawn_160.png, 5, 166, 181
Dawn_161.png, 5, 327, 355
Dawn_162.png, 5, 309, 159
Dawn_163.png, 5, 273, 129
Dawn_164.png, 5, 318, 183
Dawn_165.png, 5, 49, 69
Dawn_166.png, 5, 146, 78
Dawn_167.png, 5, 305, 51
Dawn_168.png, 5, 60, 64
Dawn_169.png, 5, 342, 351
Dawn_170.png, 5, 53, 91
Dawn_171.png, 5, 284, 277
Dawn_172.png, 5, 134, 360
Dawn_173.png, 5, 156, 327
Dawn_174.png, 5, 202, 77
Dawn_175.png, 5, 255, 44
Dawn_176.png, 5, 310, 81
Dawn_177.png, 5, 317, 41
Dawn_178.png, 5, 298, 222
Dawn_179.png, 5, 11, 207
Dawn_180.png, 5, 0, 354
Dawn_181.png, 5, 338, 96
Dawn_182.png, 5, 5, 287
Dawn_183.png, 5, 318, 143
Dawn_184.png, 5, 281, 116
Dawn_185.png, 5, 265, 347
Dawn_186.png, 5, 277, 277
Dawn_187.png, 5, 62, 14
Dawn_188.png, 5, 177, 348
Dawn_189.png, 5, 75, 195
Dawn_190.png, 5, 272, 165
Dawn_191.png, 5, 338, 157
Dawn_192.png, 5, 5, 270
Dawn_193.png, 5, 220, 74
Dawn_194.png, 5, 313, 261
Dawn_195.png, 5, 239, 189
Dawn_196.png, 5, 234, 269
Dawn_197.png, 5, 159, 90
Dawn_198.png, 5, 327, 85
Dawn_199.png, 5, 62, 328
Dawn_200.png, 5, 2, 167
Dawn_201.png, 5, 162, 64
Dawn_202.png, 5, 141, 301
Dawn_203.png, 5, 215, 201
Dawn_204.png, 5, 244, 232
Dawn_205.png, 5, 149, 319
Dawn_206.png, 5, 340, 49
Dawn_207.png, 5, 176, 19
Dawn_208.png, 5, 344, 189
Dawn_209.png, 5, 6, 299
Dawn_210.png, 5, 337, 332
Dawn_211.png, 5, 347, 219
Dawn_212.png, 5, 200, 61
Dawn_213.png, 5, 296, 83
Dawn_214.png, 5, 110, 356
Dawn_215.png, 5, 342, 39
Dawn_216.png, 5, 277, 36
Dawn_217.png, 5, 146, 335
Dawn_218.png, 5, 58, 33
Dawn_219.png, 5, 291, 334
Dawn_220.png, 5, 142, 330
Dawn_221.png, 5, 121, 285
Dawn_222.png, 5, 280, 96
Dawn_223.png, 5, 73, 123
Dawn_224.png, 5, 30, 220
Dawn_225.png, 5, 9, 251
Dawn_226.png, 5, 44, 54
Dawn_227.png, 5, 312, 359
Dawn_228.png, 5, 312, 358
Dawn_229.png, 5, 99, 269
Dawn_230.png, 5, 290, 12
Dawn_231.png, 5, 2, 33
Dawn_232.png, 5, 259, 93
Dawn_233.png, 5, 273, 215
Dawn_234.png, 5, 321, 273
Dawn_235.png, 5, 272, 91
Dawn_236.png, 5, 107, 29
Dawn_237.png, 5, 147, 232
Dawn_238.png, 5, 207, 113
Dawn_239.png, 5, 134, 337
Dawn_240.png, 5, 250, 148
Dawn_241.png, 5, 279, 353
Dawn_242.png, 5, 180, 333
Dawn_243.png, 5, 90, 152
Dawn_244.png, 5, 202, 43
Dawn_245.png, 5, 133, 151
Dawn_246.png, 5, 76, 123
Dawn_247.png, 5, 111, 351
Dawn_248.png, 5, 226, 80
Dawn_249.png, 5, 106, 304
Dawn_250.png, 5, 172, 186
Dawn_251.png, 5, 46, 97
Dawn_252.png, 5, 251, 346
Dawn_253.png, 5, 20, 150
Dawn_254.png, 5, 3, 277
Dawn_255.png, 5, 249, 275
Dawn_256.png, 5, 285, 313
Dawn_257.png, 5, 209, 273
Dawn_258.png, 5, 275, 40
Dawn_259.png, 5, 35, 49
Dawn_260.png, 5, 157, 182
Dawn_261.png, 5, 242, 305
Dawn_262.png, 5, 360, 154
Dawn_263.png, 5, 156, 270
Dawn_264.png, 5, 278, 29
Dawn_265.png, 5, 63, 142
Dawn_266.png, 5, 96, 194
Dawn_267.png, 5, 168, 144
Dawn_268.png, 5, 160, 273
Dawn_269.png, 5, 346, 100
Dawn_270.png, 5, 214, 227
Dawn_271.png, 5, 95, 328
Dawn_272.png, 5, 98, 271
Dawn_273.png, 5, 328, 275
Dawn_274.png, 5, 239, 343
Dawn_275.png, 5, 319, 283
Dawn_276.png, 5, 1, 157
Dawn_277.png, 5, 81, 321
Dawn_278.png, 5, 303, 221
Dawn_279.png, 5, 72, 164
Dawn_280.png, 5, 113, 280
Dawn_281.png, 5, 245, 24
Dawn_282.png, 5, 357, 143
Dawn_283.png, 5, 115, 132
Dawn_284.png, 5, 304, 207
Dawn_285.png, 5, 269, 228
Dawn_286.png, 5, 29, 275
Dawn_287.png, 5, 172, 336
Dawn_288.png, 5, 269, 311
Dawn_289.png, 5, 116, 249
Dawn_290.png, 5, 284, 78
Dawn_291.png, 5, 244, 120
Dawn_292.png, 5, 184, 126
Dawn_293.png, 5, 48, 134
Dawn_294.png, 5, 228, 153
Dawn_295.png, 5, 291, 241
Dawn_296.png, 5, 289, 107
Dawn_297.png, 5, 266, 207
Dawn_298.png, 5, 146, 29
Dawn_299.png, 5, 142, 122
Dawn_300.png, 5, 188, 188
Dawn_301.png, 5, 86, 137
Dawn_302.png, 5, 13, 102
Dawn_303.png, 5, 268, 310
Dawn_304.png, 5, 200, 323
Dawn_305.png, 5, 205, 146
Dawn_306.png, 5, 49, 196
Dawn_307.png, 5, 184, 154
Dawn_308.png, 5, 210, 319
Dawn_309.png, 5, 60, 101
Dawn_310.png, 5, 262, 225
Dawn_311.png, 5, 179, 276
Dawn_312.png, 5, 1, 190
Dawn_313.png, 5, 324, 263
Dawn_314.png, 5, 283, 312
Dawn_315.png, 5, 37, 348
Dawn_316.png, 5, 295, 310
Dawn_317.png, 5, 52, 198
Dawn_318.png, 5, 65, 34
Dawn_319.png, 5, 352, 11
Dawn_320.png, 5, 35, 236
Dawn_321.png, 5, 173, 21
Dawn_322.png, 5, 349, 1
Dawn_323.png, 5, 203, 338
Dawn_324.png, 5, 300, 317
Dawn_325.png, 5, 326, 159
Dawn_326.png, 5, 254, 238
Dawn_327.png, 5, 246, 89
Dawn_328.png, 5, 270, 33
Dawn_329.png, 5, 298, 356
Dawn_330.png, 5, 25, 274
Dawn_331.png, 5, 111, 209
Dawn_332.png, 5, 3, 54
Dawn_333.png, 5, 111, 346
Dawn_334.png, 5, 57, 280
Dawn_335.png, 5, 272, 225
Dawn_336.png, 5, 146, 191
Dawn_337.png, 5, 168, 276
Dawn_338.png, 5, 255, 257
Dawn_339.png, 5, 90, 139
Dawn_340.png, 5, 311, 208
Dawn_341.png, 5, 222, 272
Dawn_342.png, 5, 216, 289
Dawn_343.png, 5, 81, 306
Dawn_344.png, 5, 316, 250
Dawn_345.png, 5, 272, 33
Dawn_346.png, 5, 116, 225
Dawn_347.png, 5, 43, 296
Dawn_348.png, 5, 108, 100
Dawn_349.png, 5, 88, 287
Dawn_350.png, 5, 305, 63
Dawn_351.png, 5, 123, 87
Dawn_352.png, 5, 36, 40
Dawn_353.png, 5, 19, 30
Dawn_354.png, 5, 31, 247
Dawn_355.png, 5, 261, 33
Dawn_356.png, 5, 135, 157
Dawn_357.png, 5, 23, 57
Dawn_358.png, 5, 24, 250
Dawn_359.png, 5, 250, 270
Dawn_360.png, 5, 201, 205
Dawn_361.png, 5, 153, 68
Dawn_362.png, 5, 59, 167
Dawn_363.png, 5, 62, 286
Dawn_364.png, 5, 196, 181
Dawn_365.png, 5, 83, 119
Dawn_366.png, 5, 289, 243
Dawn_367.png, 5, 111, 31
Dawn_368.png, 5, 236, 232
Dawn_369.png, 5, 67, 208
Dawn_370.png, 5, 303, 216
Dawn_371.png, 5, 255, 237
Dawn_372.png, 5, 345, 5
Dawn_373.png, 5, 316, 222
Dawn_374.png, 5, 82, 8
Dawn_375.png, 5, 297, 228
Dawn_376.png, 5, 29, 138
Dawn_377.png, 5, 263, 241
Dawn_378.png, 5, 292, 174
Dawn_379.png, 5, 45, 249
Dawn_380.png, 5, 248, 72
Dawn_381.png, 5, 150, 223
Dawn_382.png, 5, 357, 190
Dawn_383.png, 5, 283, 348
Dawn_384.png, 5, 230, 20
Dawn_385.png, 5, 328, 135
Dawn_386.png, 5, 256, 53
Dawn_387.png, 5, 72, 152
Dawn_388.png, 5, 111, 268
Dawn_389.png, 5, 351, 130
Dawn_390.png, 5, 299, 90
Dawn_391.png, 5, 145, 163
Dawn_392.png, 5, 324, 334
Dawn_393.png, 5, 255, 163
Dawn_394.png, 5, 294, 108
Dawn_395.png, 5, 5, 107
Dawn_396.png, 5, 44, 33
Dawn_397.png, 5, 65, 197
Dawn_398.png, 5, 80, 89
Dawn_399.png, 5, 85, 183
Dawn_400.png, 5, 166, 352
Dawn_401.png, 5, 234, 132
Dawn_402.png, 5, 332, 8
Dawn_403.png, 5, 93, 123
Dawn_404.png, 5, 120, 212
Dawn_405.png, 5, 276, 148
Dawn_406.png, 5, 25, 246
Dawn_407.png, 5, 259, 217
Dawn_408.png, 5, 23, 282
Dawn_409.png, 5, 256, 140
Dawn_410.png, 5, 284, 40
Dawn_411.png, 5, 299, 41
Dawn_412.png, 5, 22, 102
Dawn_413.png, 5, 33, 229
Dawn_414.png, 5, 318, 256
Dawn_415.png, 5, 258, 184
Dawn_416.png, 5, 320, 114
Dawn_417.png, 5, 313, 190
Dawn_418.png, 5, 173, 75
Dawn_419.png, 5, 218, 13
Dawn_420.png, 5, 318, 236
Dawn_421.png, 5, 143, 285
Dawn_422.png, 5, 232, 287
Dawn_423.png, 5, 338, 216
Dawn_424.png, 5, 4, 347
Dawn_425.png, 5, 71, 126
Dawn_426.png, 5, 91, 161
Dawn_427.png, 5, 18, 288
Dawn_428.png, 5, 47, 262
Dawn_429.png, 5, 22, 68
Dawn_430.png, 5, 310, 153
Dawn_431.png, 5, 332, 353
Dawn_432.png, 5, 179, 334
Dawn_433.png, 5, 273, 138
Dawn_434.png, 5, 356, 33
Dawn_435.png, 5, 18, 277
Dawn_436.png, 5, 142, 183
Dawn_437.png, 5, 117, 212
Dawn_438.png, 5, 16, 278
Dawn_439.png, 5, 191, 183
Dawn_440.png, 5, 165, 63
Dawn_441.png, 5, 40, 242
Dawn_442.png, 5, 147, 196
Dawn_443.png, 5, 286, 150
Dawn_444.png, 5, 355, 109
Dawn_445.png, 5, 333, 345
Dawn_446.png, 5, 142, 221
Dawn_447.png, 5, 60, 284
Dawn_448.png, 5, 207, 270
Dawn_449.png, 5, 46, 146
Dawn_450.png, 5, 217, 22
Dawn_451.png, 5, 161, 170
Dawn_452.png, 5, 177, 97
Dawn_453.png, 5, 325, 305
Dawn_454.png, 5, 111, 9
Dawn_455.png, 5, 197, 14
Dawn_456.png, 5, 290, 30
Dawn_457.png, 5, 49, 84
Dawn_458.png, 5, 163, 288
Dawn_459.png, 5, 311, 132
Dawn_460.png, 5, 167, 67
Dawn_461.png, 5, 120, 129
Dawn_462.png, 5, 275, 42
Dawn_463.png, 5, 15, 75
Dawn_464.png, 5, 296, 314
Dawn_465.png, 5, 121, 245
Dawn_466.png, 5, 330, 344
Dawn_467.png, 5, 287, 170
Dawn_468.png, 5, 294, 133
Dawn_469.png, 5, 241, 212
Dawn_470.png, 5, 301, 193
Dawn_471.png, 5, 276, 310
Dawn_472.png, 5, 113, 308
Dawn_473.png, 5, 208, 149
Dawn_474.png, 5, 242, 41
Dawn_475.png, 5, 341, 262
Dawn_476.png, 5, 34, 219
Dawn_477.png, 5, 15, 302
Dawn_478.png, 5, 31, 128
Dawn_479.png, 5, 267, 127
Dawn_480.png, 5, 280, 115
Dawn_481.png, 5, 98, 357
Dawn_482.png, 5, 338, 237
Dawn_483.png, 5, 49, 22
Dawn_484.png, 5, 114, 22
Dawn_485.png, 5, 1, 26
Dawn_486.png, 5, 62, 308
Dawn_487.png, 5, 198, 2
Dawn_488.png, 5, 176, 181
Dawn_489.png, 5, 255, 343
Dawn_490.png, 5, 1, 206
Dawn_491.png, 5, 49, 5
Dawn_492.png, 5, 358, 183
Dawn_493.png, 5, 189, 337
Dawn_494.png, 5, 255, 90
Dawn_495.png, 5, 63, 173
Dawn_496.png, 5, 199, 120
Dawn_497.png, 5, 130, 239
Dawn_498.png, 5, 93, 105
Dawn_499.png, 5, 49, 357
Dawn_500.png, 5, 306, 69
Dawn_501.png, 5, 319, 347
Dawn_502.png, 5, 87, 124
Dawn_503.png, 5, 340, 300
Dawn_504.png, 5, 8, 244
Dawn_505.png, 5, 314, 18
Dawn_506.png, 5, 148, 159
Dawn_507.png, 5, 26, 333
Dawn_508.png, 5, 359, 175
Dawn_509.png, 5, 137, 321
Dawn_510.png, 5, 84, 332
Dawn_511.png, 5, 203, 54
Dawn_512.png, 5, 224, 189
Dawn_513.png, 5, 319, 303
Dawn_514.png, 5, 118, 69
Dawn_515.png, 5, 19, 24
Dawn_516.png, 5, 52, 60
Dawn_517.png, 5, 278, 90
Dawn_518.png, 5, 46, 194
Dawn_519.png, 5, 121, 337
Dawn_520.png, 5, 284, 229
Dawn_521.png, 5, 162, 299
Dawn_522.png, 5, 190, 83
Dawn_523.png, 5, 51, 159
Dawn_524.png, 5, 120, 312
Dawn_525.png, 5, 66, 43
Dawn_526.png, 5, 220, 43
Dawn_527.png, 5, 7, 116
Dawn_528.png, 5, 96, 64
Dawn_529.png, 5, 158, 255
Dawn_530.png, 5, 161, 210
Dawn_531.png, 5, 41, 329
Dawn_532.png, 5, 186, 330
Dawn_533.png, 5, 31, 278
Dawn_534.png, 5, 23, 151
Dawn_535.png, 5, 188, 81
Dawn_536.png, 5, 69, 226
Dawn_537.png, 5, 277, 306
Dawn_538.png, 5, 117, 71
Dawn_539.png, 5, 54, 233
Dawn_540.png, 5, 58, 210
Dawn_541.png, 5, 289, 46
Dawn_542.png, 5, 308, 248
Dawn_543.png, 5, 145, 314
Dawn_544.png, 5, 266, 294
Dawn_545.png, 5, 131, 29
Dawn_546.png, 5, 354, 239
Dawn_547.png, 5, 217, 227
Dawn_548.png, 5, 117, 311
Dawn_549.png, 5, 277, 341
Dawn_550.png, 5, 302, 135
Dawn_551.png, 5, 21, 316
Dawn_552.png, 5, 219, 170
Dawn_553.png, 5, 261, 272
Dawn_554.png, 5, 346, 332
Dawn_555.png, 5, 328, 5
Dawn_556.png, 5, 279, 235
Dawn_557.png, 5, 319, 59
Dawn_558.png, 5, 303, 3
Dawn_559.png, 5, 272, 338
Dawn_560.png, 5, 216, 41
Dawn_561.png, 5, 24, 133
Dawn_562.png, 5, 142, 100
Dawn_563.png, 5, 12, 305
Dawn_564.png, 5, 100, 233
Dawn_565.png, 5, 306, 225
Dawn_566.png, 5, 188, 224
Dawn_567.png, 5, 215, 350
Dawn_568.png, 5, 314, 347
Dawn_569.png, 5, 334, 16
Dawn_570.png, 5, 206, 313
Dawn_571.png, 5, 254, 287
Dawn_572.png, 5, 337, 6
Dawn_573.png, 5, 159, 192
Dawn_574.png, 5, 223, 295
Dawn_575.png, 5, 115, 190
Dawn_576.png, 5, 65, 107
Dawn_577.png, 5, 218, 193
Dawn_578.png, 5, 42, 60
Dawn_579.png, 5, 356, 211
Dawn_580.png, 5, 260, 216
Dawn_581.png, 5, 299, 0
Dawn_582.png, 5, 68, 288
Dawn_583.png, 5, 91, 153
Dawn_584.png, 5, 329, 272
Dawn_585.png, 5, 346, 320
Dawn_586.png, 5, 241, 221
Dawn_587.png, 5, 98, 19
Dawn_588.png, 5, 65, 100
Dawn_589.png, 5, 360, 130
Dawn_590.png, 5, 192, 200
Dawn_591.png, 5, 360, 246
Dawn_592.png, 5, 24, 324
Dawn_593.png, 5, 155, 290
Dawn_594.png, 5, 65, 64
Dawn_595.png, 5, 114, 16
Dawn_596.png, 5, 312, 348
Dawn_597.png, 5, 243, 18
Dawn_598.png, 5, 339, 278
Dawn_599.png, 5, 21, 115
Dawn_600.png, 5, 350, 277
Dawn_601.png, 5, 43, 195
Dawn_602.png, 5, 84, 135
Dawn_603.png, 5, 164, 157
Dawn_604.png, 5, 150, 106
Dawn_605.png, 5, 87, 331
Dawn_606.png, 5, 261, 212
Dawn_607.png, 5, 320, 272
Dawn_608.png, 5, 100, 216
Dawn_609.png, 5, 329, 173
Dawn_610.png, 5, 187, 307
Dawn_611.png, 5, 106, 231
Dawn_612.png, 5, 209, 106
Dawn_613.png, 5, 52, 246
Dawn_614.png, 5, 60, 88
Dawn_615.png, 5, 278, 337
Dawn_616.png, 5, 312, 145
Dawn_617.png, 5, 346, 257
Dawn_618.png, 5, 36, 81
Dawn_619.png, 5, 220, 322
Dawn_620.png, 5, 112, 126
Dawn_621.png, 5, 79, 276
Dawn_622.png, 5, 252, 269
Dawn_623.png, 5, 271, 60
Dawn_624.png, 5, 335, 202
Dawn_625.png, 5, 91, 211
Dawn_626.png, 5, 284, 258
Dawn_627.png, 5, 212, 123
Dawn_628.png, 5, 129, 311
Dawn_629.png, 5, 89, 144
Dawn_630.png, 5, 83, 126
Dawn_631.png, 5, 261, 201
Dawn_632.png, 5, 73, 4
Dawn_633.png, 5, 257, 18
Dawn_634.png, 5, 161, 4
Dawn_635.png, 5, 360, 33
Dawn_636.png, 5, 194, 237
Dawn_637.png, 5, 139, 7
Dawn_638.png, 5, 12, 100
Dawn_639.png, 5, 0, 52
Dawn_640.png, 5, 168, 326
Dawn_641.png, 5, 320, 313
Dawn_642.png, 5, 244, 15
Dawn_643.png, 5, 331, 124
Dawn_644.png, 5, 12, 113
Dawn_645.png, 5, 318, 16
Dawn_646.png, 5, 163, 290
Dawn_647.png, 5, 188, 102
Dawn_648.png, 5, 11, 8
Dawn_649.png, 5, 196, 59
Dawn_650.png, 5, 94, 226
Dawn_651.png, 5, 320, 248
Dawn_652.png, 5, 85, 253
Dawn_653.png, 5, 354, 139
Dawn_654.png, 5, 38, 29
Dawn_655.png, 5, 125, 147
Dawn_656.png, 5, 245, 166
Dawn_657.png, 5, 92, 359
Dawn_658.png, 5, 108, 13
Dawn_659.png, 5, 171, 47
Dawn_660.png, 5, 89, 132
Dawn_661.png, 5, 92, 237
Dawn_662.png, 5, 77, 307
Dawn_663.png, 5, 248, 335
Dawn_664.png, 5, 33, 127
Dawn_665.png, 5, 28, 206
Dawn_666.png, 5, 182, 305
Dawn_667.png, 5, 4, 48
Dawn_668.png, 5, 352, 105
Dawn_669.png, 5, 206, 250
Dawn_670.png, 5, 263, 87
Dawn_671.png, 5, 31, 155
Dawn_672.png, 5, 169, 337
Dawn_673.png, 5, 344, 194
Dawn_674.png, 5, 100, 115
Dawn_675.png, 5, 66, 181
Dawn_676.png, 5, 247, 90
Dawn_677.png, 5, 313, 112
Dawn_678.png, 5, 303, 92
Dawn_679.png, 5, 330, 332
Dawn_680.png, 5, 213, 37
Dawn_681.png, 5, 234, 135
Dawn_682.png, 5, 178, 296
Dawn_683.png, 5, 314, 52
Dawn_684.png, 5, 24, 98
Dawn_685.png, 5, 6, 62
Dawn_686.png, 5, 292, 16
Dawn_687.png, 5, 59, 28
Dawn_688.png, 5, 278, 92
Dawn_689.png, 5, 123, 345
Dawn_690.png, 5, 176, 144
Dawn_691.png, 5, 347, 252
Dawn_692.png, 5, 10, 218
Dawn_693.png, 5, 288, 152
Dawn_694.png, 5, 267, 294
Dawn_695.png, 5, 84, 97
Dawn_696.png, 5, 35, 60
Dawn_697.png, 5, 232, 101
Dawn_698.png, 5, 137, 323
Dawn_699.png, 5, 286, 27
Dawn_700.png, 5, 164, 291
Dawn_701.png, 5, 218, 311
Dawn_702.png, 5, 2, 28
Dawn_703.png, 5, 298, 30
Dawn_704.png, 5, 262, 233
Dawn_705.png, 5, 13, 328
Dawn_706.png, 5, 329, 341
Dawn_707.png, 5, 326, 261
Dawn_708.png, 5, 139, 241
Dawn_709.png, 5, 128, 143
Dawn_710.png, 5, 180, 58
Dawn_711.png, 5, 274, 315
Dawn_712.png, 5, 177, 288
Dawn_713.png, 5, 187, 137
Dawn_714.png, 5, 147, 0
Dawn_715.png, 5, 298, 204
Dawn_716.png, 5, 119, 84
Dawn_717.png, 5, 56, 105
Dawn_718.png, 5, 206, 29
Dawn_719.png, 5, 254, 275
Dawn_720.png, 5, 43, 240
Dawn_721.png, 5, 218, 105
Dawn_722.png, 5, 147, 174
Dawn_723.png, 5, 7, 349
Dawn_724.png, 5, 233, 205
Dawn_725.png, 5, 157, 305
Dawn_726.png, 5, 356, 24
Dawn_727.png, 5, 105, 45
Dawn_728.png, 5, 4, 228
Dawn_729.png, 5, 326, 3
Dawn_730.png, 5, 6, 178
Dawn_731.png, 5, 174, 110
Dawn_732.png, 5, 23, 353
Dawn_733.png, 5, 191, 33
Dawn_734.png, 5, 309, 208
Dawn_735.png, 5, 258, 0
Dawn_736.png, 5, 248, 123
Dawn_737.png, 5, 285, 18
Dawn_738.png, 5, 19, 311
Dawn_739.png, 5, 42, 347
Dawn_740.png, 5, 113, 0
Dawn_741.png, 5, 235, 326
Dawn_742.png, 5, 56, 112
Dawn_743.png, 5, 125, 302
Dawn_744.png, 5, 94, 282
Dawn_745.png, 5, 106, 192
Dawn_746.png, 5, 234, 272
Dawn_747.png, 5, 44, 111
Dawn_748.png, 5, 20, 312
Dawn_749.png, 5, 19, 30
Dawn_750.png, 5, 356, 16
Dawn_751.png, 5, 357, 77
Dawn_752.png, 5, 283, 128
Dawn_753.png, 5, 298, 304
Dawn_754.png, 5, 212, 254
Dawn_755.png, 5, 37, 71
Dawn_756.png, 5, 264, 223
Dawn_757.png, 5, 89, 291
Dawn_758.png, 5, 151, 308
Dawn_759.png, 5, 178, 216
Dawn_760.png, 5, 12, 147
Dawn_761.png, 5, 243, 41
Dawn_762.png, 5, 79, 189
Dawn_763.png, 5, 9, 77
Dawn_764.png, 5, 119, 70
Dawn_765.png, 5, 234, 94
Dawn_766.png, 5, 1, 265
Dawn_767.png, 5, 145, 104
Dawn_768.png, 5, 33, 122
Dawn_769.png, 5, 349, 263
Dawn_770.png, 5, 180, 200
Dawn_771.png, 5, 328, 268
Dawn_772.png, 5, 217, 207
Dawn_773.png, 5, 352, 99
Dawn_774.png, 5, 205, 149
Dawn_775.png, 5, 211, 194
Dawn_776.png, 5, 309, 130
Dawn_777.png, 5, 256, 90
Dawn_778.png, 5, 1, 164
Dawn_779.png, 5, 257, 148
Dawn_780.png, 5, 69, 129
Dawn_781.png, 5, 276, 179
Dawn_782.png, 5, 193, 269
Dawn_783.png, 5, 341, 248
Dawn_784.png, 5, 176, 54
Dawn_785.png, 5, 66, 353
Dawn_786.png, 5, 4, 150
Dawn_787.png, 5, 137, 230
Dawn_788.png, 5, 146, 54
Dawn_789.png, 5, 48, 272
Dawn_790.png, 5, 306, 326
Dawn_791.png, 5, 16, 251
Dawn_792.png, 5, 269, 277
Dawn_793.png, 5, 283, 309
Dawn_794.png, 5, 244, 323
Dawn_795.png, 5, 281, 85
Dawn_796.png, 5, 139, 260
Dawn_797.png, 5, 329, 48
Dawn_798.png, 5, 214, 337
Dawn_799.png, 5, 192, 313
Dawn_800.png, 5, 121, 79
Dawn_801.png, 5, 306, 276
Dawn_802.png, 5, 216, 347
Dawn_803.png, 5, 17, 82
Dawn_804.png, 5, 126, 318
Dawn_805.png, 5, 358, 25
Dawn_806.png, 5, 295, 253
Dawn_807.png, 5, 333, 206
Dawn_808.png, 5, 314, 341
Dawn_809.png, 5, 40, 206
Dawn_810.png, 5, 106, 186
Dawn_811.png, 5, 359, 317
Dawn_812.png, 5, 57, 258
Dawn_813.png, 5, 293, 203
Dawn_814.png, 5, 260, 305
Dawn_815.png, 5, 87, 130
Dawn_816.png, 5, 151, 8
Dawn_817.png, 5, 343, 220
Dawn_818.png, 5, 233, 132
Dawn_819.png, 5, 231, 179
Dawn_820.png, 5, 41, 83
Dawn_821.png, 5, 343, 126
Dawn_822.png, 5, 256, 200
Dawn_823.png, 5, 233, 263
Dawn_824.png, 5, 6, 232
Dawn_825.png, 5, 347, 95
Dawn_826.png, 5, 157, 81
Dawn_827.png, 5, 10, 189
Dawn_828.png, 5, 173, 244
Dawn_829.png, 5, 336, 63
Dawn_830.png, 5, 252, 84
Dawn_831.png, 5, 300, 308
Dawn_832.png, 5, 104, 234
Dawn_833.png, 5, 289, 316
Dawn_834.png, 5, 59, 226
Dawn_835.png, 5, 184, 36
Dawn_836.png, 5, 172, 288
Dawn_837.png, 5, 185, 287
Dawn_838.png, 5, 273, 185
Dawn_839.png, 5, 107, 38
Dawn_840.png, 5, 129, 171
Dawn_841.png, 5, 186, 199
Dawn_842.png, 5, 138, 124
Dawn_843.png, 5, 263, 351
Dawn_844.png, 5, 3, 243
Dawn_845.png, 5, 261, 198
Dawn_846.png, 5, 221, 148
Dawn_847.png, 5, 83, 195
Dawn_848.png, 5, 25, 81
Dawn_849.png, 5, 286, 14
Dawn_850.png, 5, 49, 241
Dawn_851.png, 5, 133, 69
Dawn_852.png, 5, 143, 284
Dawn_853.png, 5, 151, 310
Dawn_854.png, 5, 92, 352
Dawn_855.png, 5, 208, 306
Dawn_856.png, 5, 61, 130
Dawn_857.png, 5, 32, 38
Dawn_858.png, 5, 256, 248
Dawn_859.png, 5, 346, 224
Dawn_860.png, 5, 18, 25
Dawn_861.png, 5, 24, 161
Dawn_862.png, 5, 32, 114
Dawn_863.png, 5, 138, 180
Dawn_864.png, 5, 80, 248
Dawn_865.png, 5, 326, 3
Dawn_866.png, 5, 251, 186
Dawn_867.png, 5, 68, 10
Dawn_868.png, 5, 208, 360
Dawn_869.png, 5, 10, 58
Dawn_870.png, 5, 43, 185
Dawn_871.png, 5, 117, 183
Dawn_872.png, 5, 17, 110
Dawn_873.png, 5, 15, 175
Dawn_874.png, 5, 323, 342
Dawn_875.png, 5, 347, 225
Dawn_876.png, 5, 166, 332
Dawn_877.png, 5, 11, 283
Dawn_878.png, 5, 200, 4
Dawn_879.png, 5, 107, 360
Dawn_880.png, 5, 143, 304
Dawn_881.png, 5, 8, 289
Dawn_882.png, 5, 146, 247
Dawn_883.png, 5, 282, 310
Dawn_884.png, 5, 161, 311
Dawn_885.png, 5, 109, 360
Dawn_886.png, 5, 306, 279
Dawn_887.png, 5, 4, 226
Dawn_888.png, 5, 85, 100
Dawn_889.png, 5, 320, 177
Dawn_890.png, 5, 74, 123
Dawn_891.png, 5, 50, 144
Dawn_892.png, 5, 22, 192
Dawn_893.png, 5, 88, 127
Dawn_894.png, 5, 38, 145
Dawn_895.png, 5, 112, 320
Dawn_896.png, 5, 47, 278
Dawn_897.png, 5, 175, 105
Dawn_898.png, 5, 302, 266
Dawn_899.png, 5, 120, 275
Dawn_900.png, 5, 125, 47
Dawn_901.png, 5, 32, 78
Dawn_902.png, 5, 272, 348
Dawn_903.png, 5, 199, 333
Dawn_904.png, 5, 310, 2
Dawn_905.png, 5, 222, 92
Dawn_906.png, 5, 203, 194
Dawn_907.png, 5, 242, 133
Dawn_908.png, 5, 110, 25
Dawn_909.png, 5, 192, 200
Dawn_910.png, 5, 21, 280
Dawn_911.png, 5, 254, 11
Dawn_912.png, 5, 128, 132
Dawn_913.png, 5, 257, 355
Dawn_914.png, 5, 104, 105
Dawn_915.png, 5, 135, 103
Dawn_916.png, 5, 242, 31
Dawn_917.png, 5, 191, 62
Dawn_918.png, 5, 137, 80
Dawn_919.png, 5, 143, 333
Dawn_920.png, 5, 49, 53
Dawn_921.png, 5, 64, 5
Dawn_922.png, 5, 144, 53
Dawn_923.png, 5, 196, 108
Dawn_924.png, 5, 327, 306
Dawn_925.png, 5, 291, 298
Dawn_926.png, 5, 43, 302
Dawn_927.png, 5, 147, 118
Dawn_928.png, 5, 252, 135
Dawn_929.png, 5, 144, 166
Dawn_930.png, 5, 1, 152
Dawn_931.png, 5, 300, 185
Dawn_932.png, 5, 54, 216
Dawn_933.png, 5, 313, 302
Dawn_934.png, 5, 141, 108
Dawn_935.png, 5, 270, 260
Dawn_936.png, 5, 22, 323
Dawn_937.png, 5, 264, 318
Dawn_938.png, 5, 228, 239
Dawn_939.png, 5, 255, 259
Dawn_940.png, 5, 164, 346
Dawn_941.png, 5, 194, 7
Dawn_942.png, 5, 33, 265
Dawn_943.png, 5, 162, 344
Dawn_944.png, 5, 84, 165
Dawn_945.png, 5, 156, 328
Dawn_946.png, 5, 116, 303
Dawn_947.png, 5, 45, 286
Dawn_948.png, 5, 243, 92
Dawn_949.png, 5, 195, 135
Dawn_950.png, 5, 314, 109
Dawn_951.png, 5, 301, 103
Dawn_952.png, 5, 41, 190
Dawn_953.png, 5, 208, 200
Dawn_954.png, 5, 19, 73
Dawn_955.png, 5, 282, 299
Dawn_956.png, 5, 30, 342
Dawn_957.png, 5, 169, 321
Dawn_958.png, 5, 352, 279
Dawn_959.png, 5, 351, 211
Dawn_960.png, 5, 90, 39
Dawn_961.png, 5, 109, 275
Dawn_962.png, 5, 36, 116
Dawn_963.png, 5, 255, 358
Dawn_964.png, 5, 154, 353
Dawn_965.png, 5, 8, 284
Dawn_966.png, 5, 106, 165
Dawn_967.png, 5, 208, 106
Dawn_968.png, 5, 102, 166
Dawn_969.png, 5, 234, 134
Dawn_970.png, 5, 92, 183
Dawn_971.png, 5, 320, 30
Dawn_972.png, 5, 66, 275
Dawn_973.png, 5, 236, 341
Dawn_974.png, 5, 214, 215
Dawn_975.png, 5, 88, 62
Dawn_976.png, 5, 208, 323
Dawn_977.png, 5, 354, 340
Dawn_978.png, 5, 12, 252
Dawn_979.png, 5, 341, 38
Dawn_980.png, 5, 236, 352
Dawn_981.png, 5, 274, 340
Dawn_982.png, 5, 195, 206
Dawn_983.png, 5, 200, 256
Dawn_984.png, 5, 93, 128
Dawn_985.png, 5, 296, 97
Dawn_986.png, 5, 276, 291
Dawn_987.png, 5, 338, 312
Dawn_988.png, 5, 216, 32
Dawn_989.png, 5, 83, 35
Dawn_990.png, 5, 23, 10
Dawn_991.png, 5, 159, 99
Dawn_992.png, 5, 201, 41
Dawn_993.png, 5, 28, 18
Dawn_994.png, 5, 120, 305
Dawn_995.png, 5, 145, 161
Dawn_996.png, 5, 208, 178
Dawn_997.png, 5, 344, 170
Dawn_998.png, 5, 348, 47
Dawn_999.png, 5, 187, 177
Galileo_0.png, 6, 84, 184
Galileo_1.png, 6, 243, 163
Galileo_2.png, 6, 160, 225
Galileo_3.png, 6, 185, 17
Galileo_4.png, 6, 335, 30
Galileo_5.png, 6, 170, 228
Galileo_6.png, 6, 66, 197
Galileo_7.png, 6, 153, 306
Galileo_8.png, 6, 63, 42
Galileo_9.png, 6, 260, 164
Galileo_10.png, 6, 284, 230
Galileo_11.png, 6, 35, 47
Galileo_12.png, 6, 61, 316
Galileo_13.png, 6, 195, 91
Galileo_14.png, 6, 96, 30
Galileo_15.png, 6, 321, 244
Galileo_16.png, 6, 151, 115
Galileo_17.png, 6, 255, 220
Galileo_18.png, 6, 109, 200
Galileo_19.png, 6, 205, 222
Galileo_20.png, 6, 262, 345
Galileo_21.png, 6, 20, 69
Galileo_22.png, 6, 45, 282
Galileo_23.png, 6, 58, 78
Galileo_24.png, 6, 303, 162
Galileo_25.png, 6, 112, 332
Galileo_26.png, 6, 182, 274
Galileo_27.png, 6, 330, 180
Galileo_28.png, 6, 331, 105
Galileo_29.png, 6, 222, 183
Galileo_30.png, 6, 235, 298
Galileo_31.png, 6, 119, 53
Galileo_32.png, 6, 129, 358
Galileo_33.png, 6, 4, 261
Galileo_34.png, 6, 142, 312
Galileo_35.png, 6, 261, 86
Galileo_36.png, 6, 288, 127
Galileo_37.png, 6, 78, 228
Galileo_38.png, 6, 343, 323
Galileo_39.png, 6, 271, 22
Galileo_40.png, 6, 3, 189
Galileo_41.png, 6, 251, 314
Galileo_42.png, 6, 123, 33
Galileo_43.png, 6, 321, 299
Galileo_44.png, 6, 236, 47
Galileo_45.png, 6, 146, 219
Galileo_46.png, 6, 135, 96
Galileo_47.png, 6, 2, 269
Galileo_48.png, 6, 132, 189
Galileo_49.png, 6, 257, 314
Galileo_50.png, 6, 5, 22
Galileo_51.png, 6, 49, 7
Galileo_52.png, 6, 71, 311
Galileo_53.png, 6, 166, 285
Galileo_54.png, 6, 57, 286
Galileo_55.png, 6, 43, 355
Galileo_56.png, 6, 352, 190
Galileo_57.png, 6, 193, 218
Galileo_58.png, 6, 175, 98
Galileo_59.png, 6, 347, 77
Galileo_60.png, 6, 225, 45
Galileo_61.png, 6, 336, 252
Galileo_62.png, 6, 292, 189
Galileo_63.png, 6, 158, 290
Galileo_64.png, 6, 160, 3
Galileo_65.png, 6, 106, 183
Galileo_66.png, 6, 86, 35
Galileo_67.png, 6, 106, 181
Galileo_68.png, 6, 244, 199
Galileo_69.png, 6, 90, 169
Galileo_70.png, 6, 336, 294
Galileo_71.png, 6, 337, 252
Galileo_72.png, 6, 284, 57
Galileo_73.png, 6, 315, 283
Galileo_74.png, 6, 254, 263
Galileo_75.png, 6, 296, 6
Galileo_76.png, 6, 6, 276
Galileo_77.png, 6, 137, 134
Galileo_78.png, 6, 277, 56
Galileo_79.png, 6, 183, 6
Galileo_80.png, 6, 48, 285
Galileo_81.png, 6, 70, 246
Galileo_82.png, 6, 265, 199
Galileo_83.png, 6, 186, 18
Galileo_84.png, 6, 35, 333
Galileo_85.png, 6, 14, 35
Galileo_86.png, 6, 270, 33
Galileo_87.png, 6, 53, 162
Galileo_88.png, 6, 96, 42
Galileo_89.png, 6, 328, 145
Galileo_90.png, 6, 169, 266
Galileo_91.png, 6, 285, 165
Galileo_92.png, 6, 271, 351
Galileo_93.png, 6, 18, 193
Galileo_94.png, 6, 355, 139
Galileo_95.png, 6, 107, 84
Galileo_96.png, 6, 312, 104
Galileo_97.png, 6, 297, 319
Galileo_98.png, 6, 183, 346
Galileo_99.png, 6, 210, 246
Galileo_100.png, 6, 313, 79
Galileo_101.png, 6, 311, 319
Galileo_102.png, 6, 258, 197
Galileo_103.png, 6, 281, 126
Galileo_104.png, 6, 302, 179
Galileo_105.png, 6, 81, 293
Galileo_106.png, 6, 28, 229
Galileo_107.png, 6, 103, 241
Galileo_108.png, 6, 327, 20
Galileo_109.png, 6, 218, 316
Galileo_110.png, 6, 179, 204
Galileo_111.png, 6, 243, 59
Galileo_112.png, 6, 344, 167
Galileo_113.png, 6, 55, 260
Galileo_114.png, 6, 27, 144
Galileo_115.png, 6, 172, 276
Galileo_116.png, 6, 19, 278
Galileo_117.png, 6, 222, 117
Galileo_118.png, 6, 247, 94
Galileo_119.png, 6, 277, 3
Galileo_120.png, 6, 55, 302
Galileo_121.png, 6, 319, 69
Galileo_122.png, 6, 346, 165
Galileo_123.png, 6, 321, 11
Galileo_124.png, 6, 322, 228
Galileo_125.png, 6, 355, 277
Galileo_126.png, 6, 216, 180
Galileo_127.png, 6, 42, 74
Galileo_128.png, 6, 210, 238
Galileo_129.png, 6, 52, 302
Galileo_130.png, 6, 80, 303
Galileo_131.png, 6, 263, 3
Galileo_132.png, 6, 166, 104
Galileo_133.png, 6, 231, 35
Galileo_134.png, 6, 222, 83
Galileo_135.png, 6, 42, 35
Galileo_136.png, 6, 247, 327
Galileo_137.png, 6, 172, 354
Galileo_138.png, 6, 144, 23
Galileo_139.png, 6, 228, 280
Galileo_140.png, 6, 68, 41
Galileo_141.png, 6, 58, 350
Galileo_142.png, 6, 92, 319
Galileo_143.png, 6, 245, 33
Galileo_144.png, 6, 182, 0
Galileo_145.png, 6, 316, 115
Galileo_146.png, 6, 215, 159
Galileo_147.png, 6, 79, 31
Galileo_148.png, 6, 47, 252
Galileo_149.png, 6, 83, 356
Galileo_150.png, 6, 132, 77
Galileo_151.png, 6, 140, 130
Galileo_152.png, 6, 357, 299
Galileo_153.png, 6, 63, 162
Galileo_154.png, 6, 125, 118
Galileo_155.png, 6, 259, 170
Galileo_156.png, 6, 11, 192
Galileo_157.png, 6, 278, 14
Galileo_158.png, 6, 86, 333
Galileo_159.png, 6, 336, 22
Galileo_160.png, 6, 95, 198
Galileo_161.png, 6, 21, 339
Galileo_162.png, 6, 323, 129
Galileo_163.png, 6, 102, 130
Galileo_164.png, 6, 86, 83
Galileo_165.png, 6, 267, 26
Galileo_166.png, 6, 293, 353
Galileo_167.png, 6, 259, 115
Galileo_168.png, 6, 248, 265
Galileo_169.png, 6, 249, 134
Galileo_170.png, 6, 207, 256
Galileo_171.png, 6, 75, 251
Galileo_172.png, 6, 177, 78
Galileo_173.png, 6, 118, 223
Galileo_174.png, 6, 52, 127
Galileo_175.png, 6, 144, 322
Galileo_176.png, 6, 138, 222
Galileo_177.png, 6, 32, 200
Galileo_178.png, 6, 232, 108
Galileo_179.png, 6, 124, 265
Galileo_180.png, 6, 106, 205
Galileo_181.png, 6, 231, 224
Galileo_182.png, 6, 50, 189
Galileo_183.png, 6, 196, 341
Galileo_184.png, 6, 100, 93
Galileo_185.png, 6, 272, 13
Galileo_186.png, 6, 326, 321
Galileo_187.png, 6, 88, 9
Galileo_188.png, 6, 241, 79
Galileo_189.png, 6, 148, 348
Galileo_190.png, 6, 86, 7
Galileo_191.png, 6, 110, 117
Galileo_192.png, 6, 153, 355
Galileo_193.png, 6, 95, 269
Galileo_194.png, 6, 114, 144
Galileo_195.png, 6, 322, 96
Galileo_196.png, 6, 27, 267
Galileo_197.png, 6, 302, 266
Galileo_198.png, 6, 254, 330
Galileo_199.png, 6, 233, 354
Galileo_200.png, 6, 284, 116
Galileo_201.png, 6, 325, 174
Galileo_202.png, 6, 281, 69
Galileo_203.png, 6, 19, 290
Galileo_204.png, 6, 112, 293
Galileo_205.png, 6, 255, 327
Galileo_206.png, 6, 346, 121
Galileo_207.png, 6, 344, 246
Galileo_208.png, 6, 149, 334
Galileo_209.png, 6, 227, 121
Galileo_210.png, 6, 197, 190
Galileo_211.png, 6, 8, 135
Galileo_212.png, 6, 25, 227
Galileo_213.png, 6, 94, 329
Galileo_214.png, 6, 96, 280
Galileo_215.png, 6, 82, 52
Galileo_216.png, 6, 318, 67
Galileo_217.png, 6, 155, 50
Galileo_218.png, 6, 214, 141
Galileo_219.png, 6, 57, 204
Galileo_220.png, 6, 310, 97
Galileo_221.png, 6, 226, 323
Galileo_222.png, 6, 192, 26
Galileo_223.png, 6, 82, 230
Galileo_224.png, 6, 17, 129
Galileo_225.png, 6, 93, 175
Galileo_226.png, 6, 197, 282
Galileo_227.png, 6, 323, 67
Galileo_228.png, 6, 165, 34
Galileo_229.png, 6, 303, 291
Galileo_230.png, 6, 208, 129
Galileo_231.png, 6, 75, 172
Galileo_232.png, 6, 120, 132
Galileo_233.png, 6, 232, 313
Galileo_234.png, 6, 55, 120
Galileo_235.png, 6, 57, 176
Galileo_236.png, 6, 107, 70
Galileo_237.png, 6, 30, 133
Galileo_238.png, 6, 350, 51
Galileo_239.png, 6, 230, 200
Galileo_240.png, 6, 182, 155
Galileo_241.png, 6, 59, 188
Galileo_242.png, 6, 52, 66
Galileo_243.png, 6, 12, 160
Galileo_244.png, 6, 301, 3
Galileo_245.png, 6, 71, 250
Galileo_246.png, 6, 28, 342
Galileo_247.png, 6, 177, 319
Galileo_248.png, 6, 77, 47
Galileo_249.png, 6, 313, 317
Galileo_250.png, 6, 347, 43
Galileo_251.png, 6, 145, 100
Galileo_252.png, 6, 307, 303
Galileo_253.png, 6, 188, 61
Galileo_254.png, 6, 22, 340
Galileo_255.png, 6, 313, 119
Galileo_256.png, 6, 266, 1
Galileo_257.png, 6, 262, 126
Galileo_258.png, 6, 312, 132
Galileo_259.png, 6, 131, 299
Galileo_260.png, 6, 17, 350
Galileo_261.png, 6, 113, 260
Galileo_262.png, 6, 65, 228
Galileo_263.png, 6, 176, 114
Galileo_264.png, 6, 133, 50
Galileo_265.png, 6, 205, 202
Galileo_266.png, 6, 128, 50
Galileo_267.png, 6, 27, 346
Galileo_268.png, 6, 214, 129
Galileo_269.png, 6, 20, 85
Galileo_270.png, 6, 256, 164
Galileo_271.png, 6, 50, 191
Galileo_272.png, 6, 247, 144
Galileo_273.png, 6, 96, 201
Galileo_274.png, 6, 143, 310
Galileo_275.png, 6, 358, 167
Galileo_276.png, 6, 276, 236
Galileo_277.png, 6, 297, 166
Galileo_278.png, 6, 272, 217
Galileo_279.png, 6, 231, 118
Galileo_280.png, 6, 242, 217
Galileo_281.png, 6, 208, 36
Galileo_282.png, 6, 11, 334
Galileo_283.png, 6, 137, 106
Galileo_284.png, 6, 343, 51
Galileo_285.png, 6, 10, 80
Galileo_286.png, 6, 197, 15
Galileo_287.png, 6, 152, 31
Galileo_288.png, 6, 277, 297
Galileo_289.png, 6, 135, 185
Galileo_290.png, 6, 158, 204
Galileo_291.png, 6, 65, 224
Galileo_292.png, 6, 171, 109
Galileo_293.png, 6, 38, 89
Galileo_294.png, 6, 296, 244
Galileo_295.png, 6, 47, 139
Galileo_296.png, 6, 176, 355
Galileo_297.png, 6, 82, 316
Galileo_298.png, 6, 7, 196
Galileo_299.png, 6, 252, 333
Galileo_300.png, 6, 93, 239
Galileo_301.png, 6, 232, 35
Galileo_302.png, 6, 275, 356
Galileo_303.png, 6, 65, 318
Galileo_304.png, 6, 235, 92
Galileo_305.png, 6, 203, 130
Galileo_306.png, 6, 152, 294
Galileo_307.png, 6, 136, 33
Galileo_308.png, 6, 249, 42
Galileo_309.png, 6, 307, 119
Galileo_310.png, 6, 146, 194
Galileo_311.png, 6, 195, 71
Galileo_312.png, 6, 9, 37
Galileo_313.png, 6, 297, 158
Galileo_314.png, 6, 207, 353
Galileo_315.png, 6, 202, 144
Galileo_316.png, 6, 346, 357
Galileo_317.png, 6, 359, 8
Galileo_318.png, 6, 39, 319
Galileo_319.png, 6, 82, 217
Galileo_320.png, 6, 323, 210
Galileo_321.png, 6, 326, 294
Galileo_322.png, 6, 231, 100
Galileo_323.png, 6, 258, 92
Galileo_324.png, 6, 284, 111
Galileo_325.png, 6, 287, 12
Galileo_326.png, 6, 137, 78
Galileo_327.png, 6, 351, 31
Galileo_328.png, 6, 272, 76
Galileo_329.png, 6, 246, 272
Galileo_330.png, 6, 240, 38
Galileo_331.png, 6, 169, 46
Galileo_332.png, 6, 141, 338
Galileo_333.png, 6, 99, 190
Galileo_334.png, 6, 183, 131
Galileo_335.png, 6, 176, 64
Galileo_336.png, 6, 299, 325
Galileo_337.png, 6, 192, 289
Galileo_338.png, 6, 201, 229
Galileo_339.png, 6, 60, 250
Galileo_340.png, 6, 126, 21
Galileo_341.png, 6, 146, 106
Galileo_342.png, 6, 260, 271
Galileo_343.png, 6, 162, 41
Galileo_344.png, 6, 85, 113
Galileo_345.png, 6, 259, 299
Galileo_346.png, 6, 149, 32
Galileo_347.png, 6, 168, 75
Galileo_348.png, 6, 277, 337
Galileo_349.png, 6, 6, 103
Galileo_350.png, 6, 221, 231
Galileo_351.png, 6, 11, 261
Galileo_352.png, 6, 124, 69
Galileo_353.png, 6, 62, 21
Galileo_354.png, 6, 257, 163
Galileo_355.png, 6, 253, 34
Galileo_356.png, 6, 154, 343
Galileo_357.png, 6, 300, 5
Galileo_358.png, 6, 76, 307
Galileo_359.png, 6, 72, 148
Galileo_360.png, 6, 30, 74
Galileo_361.png, 6, 323, 251
Galileo_362.png, 6, 261, 146
Galileo_363.png, 6, 302, 7
Galileo_364.png, 6, 83, 149
Galileo_365.png, 6, 342, 21
Galileo_366.png, 6, 271, 211
Galileo_367.png, 6, 357, 116
Galileo_368.png, 6, 342, 170
Galileo_369.png, 6, 345, 103
Galileo_370.png, 6, 109, 305
Galileo_371.png, 6, 174, 149
Galileo_372.png, 6, 309, 252
Galileo_373.png, 6, 335, 198
Galileo_374.png, 6, 64, 319
Galileo_375.png, 6, 275, 95
Galileo_376.png, 6, 350, 161
Galileo_377.png, 6, 42, 12
Galileo_378.png, 6, 116, 296
Galileo_379.png, 6, 86, 293
Galileo_380.png, 6, 59, 190
Galileo_381.png, 6, 242, 249
Galileo_382.png, 6, 226, 238
Galileo_383.png, 6, 218, 337
Galileo_384.png, 6, 156, 305
Galileo_385.png, 6, 88, 182
Galileo_386.png, 6, 318, 232
Galileo_387.png, 6, 353, 44
Galileo_388.png, 6, 219, 335
Galileo_389.png, 6, 55, 174
Galileo_390.png, 6, 129, 330
Galileo_391.png, 6, 292, 233
Galileo_392.png, 6, 41, 200
Galileo_393.png, 6, 90, 251
Galileo_394.png, 6, 288, 152
Galileo_395.png, 6, 69, 165
Galileo_396.png, 6, 108, 289
Galileo_397.png, 6, 182, 7
Galileo_398.png, 6, 57, 221
Galileo_399.png, 6, 163, 179
Galileo_400.png, 6, 66, 325
Galileo_401.png, 6, 243, 191
Galileo_402.png, 6, 240, 83
Galileo_403.png, 6, 116, 123
Galileo_404.png, 6, 45, 274
Galileo_405.png, 6, 227, 255
Galileo_406.png, 6, 279, 242
Galileo_407.png, 6, 125, 123
Galileo_408.png, 6, 42, 41
Galileo_409.png, 6, 50, 208
Galileo_410.png, 6, 351, 175
Galileo_411.png, 6, 212, 346
Galileo_412.png, 6, 14, 3
Galileo_413.png, 6, 262, 6
Galileo_414.png, 6, 296, 167
Galileo_415.png, 6, 276, 281
Galileo_416.png, 6, 156, 132
Galileo_417.png, 6, 299, 265
Galileo_418.png, 6, 40, 205
Galileo_419.png, 6, 219, 231
Galileo_420.png, 6, 353, 67
Galileo_421.png, 6, 30, 214
Galileo_422.png, 6, 10, 342
Galileo_423.png, 6, 14, 29
Galileo_424.png, 6, 192, 315
Galileo_425.png, 6, 94, 284
Galileo_426.png, 6, 316, 218
Galileo_427.png, 6, 9, 349
Galileo_428.png, 6, 300, 104
Galileo_429.png, 6, 190, 348
Galileo_430.png, 6, 360, 311
Galileo_431.png, 6, 303, 71
Galileo_432.png, 6, 333, 13
Galileo_433.png, 6, 168, 204
Galileo_434.png, 6, 257, 241
Galileo_435.png, 6, 307, 203
Galileo_436.png, 6, 74, 240
Galileo_437.png, 6, 327, 38
Galileo_438.png, 6, 48, 54
Galileo_439.png, 6, 38, 309
Galileo_440.png, 6, 34, 96
Galileo_441.png, 6, 116, 323
Galileo_442.png, 6, 234, 196
Galileo_443.png, 6, 305, 4
Galileo_444.png, 6, 6, 198
Galileo_445.png, 6, 67, 175
Galileo_446.png, 6, 264, 176
Galileo_447.png, 6, 250, 106
Galileo_448.png, 6, 129, 42
Galileo_449.png, 6, 210, 238
Galileo_450.png, 6, 37, 325
Galileo_451.png, 6, 270, 185
Galileo_452.png, 6, 295, 207
Galileo_453.png, 6, 43, 274
Galileo_454.png, 6, 282, 350
Galileo_455.png, 6, 341, 309
Galileo_456.png, 6, 106, 177
Galileo_457.png, 6, 339, 250
Galileo_458.png, 6, 182, 308
Galileo_459.png, 6, 274, 216
Galileo_460.png, 6, 113, 191
Galileo_461.png, 6, 190, 288
Galileo_462.png, 6, 240, 40
Galileo_463.png, 6, 235, 323
Galileo_464.png, 6, 257, 67
Galileo_465.png, 6, 274, 50
Galileo_466.png, 6, 62, 204
Galileo_467.png, 6, 338, 88
Galileo_468.png, 6, 144, 29
Galileo_469.png, 6, 15, 195
Galileo_470.png, 6, 166, 152
Galileo_471.png, 6, 69, 305
Galileo_472.png, 6, 59, 224
Galileo_473.png, 6, 303, 151
Galileo_474.png, 6, 149, 318
Galileo_475.png, 6, 294, 279
Galileo_476.png, 6, 319, 64
Galileo_477.png, 6, 215, 272
Galileo_478.png, 6, 358, 240
Galileo_479.png, 6, 89, 273
Galileo_480.png, 6, 268, 245
Galileo_481.png, 6, 154, 329
Galileo_482.png, 6, 114, 44
Galileo_483.png, 6, 287, 259
Galileo_484.png, 6, 291, 130
Galileo_485.png, 6, 188, 69
Galileo_486.png, 6, 178, 202
Galileo_487.png, 6, 239, 229
Galileo_488.png, 6, 12, 25
Galileo_489.png, 6, 216, 318
Galileo_490.png, 6, 53, 159
Galileo_491.png, 6, 240, 199
Galileo_492.png, 6, 233, 230
Galileo_493.png, 6, 173, 245
Galileo_494.png, 6, 308, 224
Galileo_495.png, 6, 267, 173
Galileo_496.png, 6, 248, 290
Galileo_497.png, 6, 131, 208
Galileo_498.png, 6, 66, 213
Galileo_499.png, 6, 167, 142
Galileo_500.png, 6, 147, 118
Galileo_501.png, 6, 5, 191
Galileo_502.png, 6, 20, 103
Galileo_503.png, 6, 91, 331
Galileo_504.png, 6, 257, 330
Galileo_505.png, 6, 324, 17
Galileo_506.png, 6, 316, 285
Galileo_507.png, 6, 280, 9
Galileo_508.png, 6, 284, 101
Galileo_509.png, 6, 276, 179
Galileo_510.png, 6, 233, 352
Galileo_511.png, 6, 217, 151
Galileo_512.png, 6, 312, 8
Galileo_513.png, 6, 321, 244
Galileo_514.png, 6, 102, 354
Galileo_515.png, 6, 35, 348
Galileo_516.png, 6, 346, 192
Galileo_517.png, 6, 278, 20
Galileo_518.png, 6, 245, 240
Galileo_519.png, 6, 171, 350
Galileo_520.png, 6, 121, 36
Galileo_521.png, 6, 135, 158
Galileo_522.png, 6, 247, 30
Galileo_523.png, 6, 314, 198
Galileo_524.png, 6, 235, 321
Galileo_525.png, 6, 140, 147
Galileo_526.png, 6, 254, 142
Galileo_527.png, 6, 145, 174
Galileo_528.png, 6, 338, 58
Galileo_529.png, 6, 33, 180
Galileo_530.png, 6, 19, 241
Galileo_531.png, 6, 275, 136
Galileo_532.png, 6, 80, 310
Galileo_533.png, 6, 213, 40
Galileo_534.png, 6, 101, 144
Galileo_535.png, 6, 207, 138
Galileo_536.png, 6, 310, 134
Galileo_537.png, 6, 146, 173
Galileo_538.png, 6, 274, 223
Galileo_539.png, 6, 191, 258
Galileo_540.png, 6, 203, 136
Galileo_541.png, 6, 266, 158
Galileo_542.png, 6, 232, 98
Galileo_543.png, 6, 81, 114
Galileo_544.png, 6, 89, 21
Galileo_545.png, 6, 310, 179
Galileo_546.png, 6, 140, 249
Galileo_547.png, 6, 51, 103
Galileo_548.png, 6, 77, 276
Galileo_549.png, 6, 354, 186
Galileo_550.png, 6, 186, 292
Galileo_551.png, 6, 25, 57
Galileo_552.png, 6, 15, 341
Galileo_553.png, 6, 106, 99
Galileo_554.png, 6, 344, 31
Galileo_555.png, 6, 280, 214
Galileo_556.png, 6, 77, 147
Galileo_557.png, 6, 269, 232
Galileo_558.png, 6, 98, 224
Galileo_559.png, 6, 304, 273
Galileo_560.png, 6, 101, 74
Galileo_561.png, 6, 310, 158
Galileo_562.png, 6, 187, 317
Galileo_563.png, 6, 10, 1
Galileo_564.png, 6, 75, 17
Galileo_565.png, 6, 255, 113
Galileo_566.png, 6, 353, 217
Galileo_567.png, 6, 23, 21
Galileo_568.png, 6, 38, 335
Galileo_569.png, 6, 69, 8
Galileo_570.png, 6, 76, 205
Galileo_571.png, 6, 214, 135
Galileo_572.png, 6, 272, 98
Galileo_573.png, 6, 18, 351
Galileo_574.png, 6, 121, 178
Galileo_575.png, 6, 312, 1
Galileo_576.png, 6, 177, 190
Galileo_577.png, 6, 23, 197
Galileo_578.png, 6, 332, 195
Galileo_579.png, 6, 72, 90
Galileo_580.png, 6, 19, 135
Galileo_581.png, 6, 244, 276
Galileo_582.png, 6, 9, 46
Galileo_583.png, 6, 47, 78
Galileo_584.png, 6, 282, 105
Galileo_585.png, 6, 201, 338
Galileo_586.png, 6, 240, 29
Galileo_587.png, 6, 250, 244
Galileo_588.png, 6, 320, 313
Galileo_589.png, 6, 279, 324
Galileo_590.png, 6, 183, 148
Galileo_591.png, 6, 229, 37
Galileo_592.png, 6, 78, 22
Galileo_593.png, 6, 333, 65
Galileo_594.png, 6, 307, 303
Galileo_595.png, 6, 225, 308
Galileo_596.png, 6, 211, 98
Galileo_597.png, 6, 122, 181
Galileo_598.png, 6, 334, 219
Galileo_599.png, 6, 190, 228
Galileo_600.png, 6, 29, 16
Galileo_601.png, 6, 247, 101
Galileo_602.png, 6, 353, 153
Galileo_603.png, 6, 35, 246
Galileo_604.png, 6, 178, 351
Galileo_605.png, 6, 318, 298
Galileo_606.png, 6, 345, 171
Galileo_607.png, 6, 238, 297
Galileo_608.png, 6, 347, 168
Galileo_609.png, 6, 6, 316
Galileo_610.png, 6, 263, 261
Galileo_611.png, 6, 216, 80
Galileo_612.png, 6, 313, 5
Galileo_613.png, 6, 70, 159
Galileo_614.png, 6, 55, 55
Galileo_615.png, 6, 48, 354
Galileo_616.png, 6, 39, 152
Galileo_617.png, 6, 202, 295
Galileo_618.png, 6, 170, 108
Galileo_619.png, 6, 171, 315
Galileo_620.png, 6, 185, 15
Galileo_621.png, 6, 259, 228
Galileo_622.png, 6, 258, 144
Galileo_623.png, 6, 157, 10
Galileo_624.png, 6, 180, 205
Galileo_625.png, 6, 259, 137
Galileo_626.png, 6, 233, 106
Galileo_627.png, 6, 186, 191
Galileo_628.png, 6, 72, 200
Galileo_629.png, 6, 205, 192
Galileo_630.png, 6, 277, 334
Galileo_631.png, 6, 251, 282
Galileo_632.png, 6, 357, 128
Galileo_633.png, 6, 22, 284
Galileo_634.png, 6, 50, 27
Galileo_635.png, 6, 142, 205
Galileo_636.png, 6, 90, 261
Galileo_637.png, 6, 211, 98
Galileo_638.png, 6, 199, 20
Galileo_639.png, 6, 89, 119
Galileo_640.png, 6, 205, 130
Galileo_641.png, 6, 19, 13
Galileo_642.png, 6, 354, 356
Galileo_643.png, 6, 84, 274
Galileo_644.png, 6, 77, 87
Galileo_645.png, 6, 299, 98
Galileo_646.png, 6, 125, 137
Galileo_647.png, 6, 335, 153
Galileo_648.png, 6, 56, 246
Galileo_649.png, 6, 315, 171
Galileo_650.png, 6, 231, 117
Galileo_651.png, 6, 12, 43
Galileo_652.png, 6, 12, 194
Galileo_653.png, 6, 333, 14
Galileo_654.png, 6, 30, 187
Galileo_655.png, 6, 129, 198
Galileo_656.png, 6, 206, 172
Galileo_657.png, 6, 28, 280
Galileo_658.png, 6, 51, 39
Galileo_659.png, 6, 35, 233
Galileo_660.png, 6, 11, 246
Galileo_661.png, 6, 65, 246
Galileo_662.png, 6, 237, 39
Galileo_663.png, 6, 125, 151
Galileo_664.png, 6, 169, 11
Galileo_665.png, 6, 120, 261
Galileo_666.png, 6, 337, 163
Galileo_667.png, 6, 289, 94
Galileo_668.png, 6, 212, 81
Galileo_669.png, 6, 269, 48
Galileo_670.png, 6, 269, 205
Galileo_671.png, 6, 124, 165
Galileo_672.png, 6, 87, 169
Galileo_673.png, 6, 195, 342
Galileo_674.png, 6, 349, 359
Galileo_675.png, 6, 184, 228
Galileo_676.png, 6, 321, 227
Galileo_677.png, 6, 169, 309
Galileo_678.png, 6, 169, 7
Galileo_679.png, 6, 37, 350
Galileo_680.png, 6, 132, 291
Galileo_681.png, 6, 348, 331
Galileo_682.png, 6, 180, 222
Galileo_683.png, 6, 280, 91
Galileo_684.png, 6, 88, 273
Galileo_685.png, 6, 181, 103
Galileo_686.png, 6, 308, 115
Galileo_687.png, 6, 219, 279
Galileo_688.png, 6, 299, 120
Galileo_689.png, 6, 71, 112
Galileo_690.png, 6, 181, 211
Galileo_691.png, 6, 21, 255
Galileo_692.png, 6, 102, 135
Galileo_693.png, 6, 256, 69
Galileo_694.png, 6, 137, 84
Galileo_695.png, 6, 90, 32
Galileo_696.png, 6, 34, 22
Galileo_697.png, 6, 337, 286
Galileo_698.png, 6, 353, 336
Galileo_699.png, 6, 147, 15
Galileo_700.png, 6, 135, 240
Galileo_701.png, 6, 192, 243
Galileo_702.png, 6, 355, 218
Galileo_703.png, 6, 102, 276
Galileo_704.png, 6, 77, 305
Galileo_705.png, 6, 164, 18
Galileo_706.png, 6, 246, 242
Galileo_707.png, 6, 257, 288
Galileo_708.png, 6, 70, 132
Galileo_709.png, 6, 100, 131
Galileo_710.png, 6, 280, 327
Galileo_711.png, 6, 241, 296
Galileo_712.png, 6, 272, 84
Galileo_713.png, 6, 213, 45
Galileo_714.png, 6, 74, 181
Galileo_715.png, 6, 10, 327
Galileo_716.png, 6, 127, 180
Galileo_717.png, 6, 50, 52
Galileo_718.png, 6, 118, 142
Galileo_719.png, 6, 64, 189
Galileo_720.png, 6, 88, 49
Galileo_721.png, 6, 258, 91
Galileo_722.png, 6, 42, 145
Galileo_723.png, 6, 41, 356
Galileo_724.png, 6, 184, 162
Galileo_725.png, 6, 181, 14
Galileo_726.png, 6, 229, 80
Galileo_727.png, 6, 159, 78
Galileo_728.png, 6, 138, 292
Galileo_729.png, 6, 94, 337
Galileo_730.png, 6, 21, 127
Galileo_731.png, 6, 170, 207
Galileo_732.png, 6, 334, 65
Galileo_733.png, 6, 50, 93
Galileo_734.png, 6, 316, 16
Galileo_735.png, 6, 91, 317
Galileo_736.png, 6, 104, 236
Galileo_737.png, 6, 18, 204
Galileo_738.png, 6, 101, 266
Galileo_739.png, 6, 145, 111
Galileo_740.png, 6, 352, 183
Galileo_741.png, 6, 148, 106
Galileo_742.png, 6, 74, 6
Galileo_743.png, 6, 213, 264
Galileo_744.png, 6, 239, 166
Galileo_745.png, 6, 338, 294
Galileo_746.png, 6, 296, 41
Galileo_747.png, 6, 269, 290
Galileo_748.png, 6, 337, 226
Galileo_749.png, 6, 128, 64
Galileo_750.png, 6, 45, 66
Galileo_751.png, 6, 98, 141
Galileo_752.png, 6, 325, 276
Galileo_753.png, 6, 343, 78
Galileo_754.png, 6, 54, 322
Galileo_755.png, 6, 344, 7
Galileo_756.png, 6, 105, 235
Galileo_757.png, 6, 261, 298
Galileo_758.png, 6, 87, 232
Galileo_759.png, 6, 251, 290
Galileo_760.png, 6, 313, 242
Galileo_761.png, 6, 113, 100
Galileo_762.png, 6, 160, 117
Galileo_763.png, 6, 128, 195
Galileo_764.png, 6, 220, 156
Galileo_765.png, 6, 252, 308
Galileo_766.png, 6, 187, 333
Galileo_767.png, 6, 66, 70
Galileo_768.png, 6, 232, 215
Galileo_769.png, 6, 149, 160
Galileo_770.png, 6, 61, 165
Galileo_771.png, 6, 311, 353
Galileo_772.png, 6, 130, 104
Galileo_773.png, 6, 234, 116
Galileo_774.png, 6, 350, 60
Galileo_775.png, 6, 203, 116
Galileo_776.png, 6, 155, 261
Galileo_777.png, 6, 157, 149
Galileo_778.png, 6, 224, 90
Galileo_779.png, 6, 238, 180
Galileo_780.png, 6, 36, 150
Galileo_781.png, 6, 80, 173
Galileo_782.png, 6, 286, 13
Galileo_783.png, 6, 360, 156
Galileo_784.png, 6, 78, 313
Galileo_785.png, 6, 17, 104
Galileo_786.png, 6, 125, 51
Galileo_787.png, 6, 258, 16
Galileo_788.png, 6, 297, 105
Galileo_789.png, 6, 38, 250
Galileo_790.png, 6, 303, 71
Galileo_791.png, 6, 22, 311
Galileo_792.png, 6, 117, 265
Galileo_793.png, 6, 307, 295
Galileo_794.png, 6, 162, 54
Galileo_795.png, 6, 284, 352
Galileo_796.png, 6, 303, 256
Galileo_797.png, 6, 260, 355
Galileo_798.png, 6, 216, 207
Galileo_799.png, 6, 243, 96
Galileo_800.png, 6, 150, 251
Galileo_801.png, 6, 108, 169
Galileo_802.png, 6, 299, 318
Galileo_803.png, 6, 43, 149
Galileo_804.png, 6, 102, 130
Galileo_805.png, 6, 216, 119
Galileo_806.png, 6, 2, 209
Galileo_807.png, 6, 91, 283
Galileo_808.png, 6, 74, 94
Galileo_809.png, 6, 50, 308
Galileo_810.png, 6, 284, 333
Galileo_811.png, 6, 299, 360
Galileo_812.png, 6, 126, 200
Galileo_813.png, 6, 8, 296
Galileo_814.png, 6, 262, 267
Galileo_815.png, 6, 38, 279
Galileo_816.png, 6, 277, 131
Galileo_817.png, 6, 232, 227
Galileo_818.png, 6, 91, 32
Galileo_819.png, 6, 169, 1
Galileo_820.png, 6, 14, 229
Galileo_821.png, 6, 353, 49
Galileo_822.png, 6, 177, 56
Galileo_823.png, 6, 311, 14
Galileo_824.png, 6, 240, 324
Galileo_825.png, 6, 156, 254
Galileo_826.png, 6, 312, 125
Galileo_827.png, 6, 344, 88
Galileo_828.png, 6, 226, 253
Galileo_829.png, 6, 177, 302
Galileo_830.png, 6, 140, 20
Galileo_831.png, 6, 127, 202
Galileo_832.png, 6, 271, 99
Galileo_833.png, 6, 175, 181
Galileo_834.png, 6, 114, 219
Galileo_835.png, 6, 266, 244
Galileo_836.png, 6, 326, 70
Galileo_837.png, 6, 8, 136
Galileo_838.png, 6, 177, 89
Galileo_839.png, 6, 232, 223
Galileo_840.png, 6, 6, 72
Galileo_841.png, 6, 60, 325
Galileo_842.png, 6, 179, 130
Galileo_843.png, 6, 117, 130
Galileo_844.png, 6, 37, 59
Galileo_845.png, 6, 66, 146
Galileo_846.png, 6, 195, 19
Galileo_847.png, 6, 227, 89
Galileo_848.png, 6, 84, 264
Galileo_849.png, 6, 284, 93
Galileo_850.png, 6, 219, 244
Galileo_851.png, 6, 38, 283
Galileo_852.png, 6, 131, 159
Galileo_853.png, 6, 129, 336
Galileo_854.png, 6, 78, 167
Galileo_855.png, 6, 234, 15
Galileo_856.png, 6, 198, 329
Galileo_857.png, 6, 326, 37
Galileo_858.png, 6, 105, 0
Galileo_859.png, 6, 311, 166
Galileo_860.png, 6, 140, 261
Galileo_861.png, 6, 33, 47
Galileo_862.png, 6, 241, 273
Galileo_863.png, 6, 136, 264
Galileo_864.png, 6, 126, 248
Galileo_865.png, 6, 117, 241
Galileo_866.png, 6, 275, 182
Galileo_867.png, 6, 158, 102
Galileo_868.png, 6, 330, 198
Galileo_869.png, 6, 187, 149
Galileo_870.png, 6, 147, 353
Galileo_871.png, 6, 146, 25
Galileo_872.png, 6, 347, 203
Galileo_873.png, 6, 133, 17
Galileo_874.png, 6, 285, 46
Galileo_875.png, 6, 331, 207
Galileo_876.png, 6, 313, 182
Galileo_877.png, 6, 214, 46
Galileo_878.png, 6, 198, 223
Galileo_879.png, 6, 340, 182
Galileo_880.png, 6, 134, 223
Galileo_881.png, 6, 112, 127
Galileo_882.png, 6, 85, 270
Galileo_883.png, 6, 81, 71
Galileo_884.png, 6, 133, 233
Galileo_885.png, 6, 351, 88
Galileo_886.png, 6, 143, 317
Galileo_887.png, 6, 329, 114
Galileo_888.png, 6, 10, 113
Galileo_889.png, 6, 108, 75
Galileo_890.png, 6, 313, 31
Galileo_891.png, 6, 50, 358
Galileo_892.png, 6, 94, 51
Galileo_893.png, 6, 29, 81
Galileo_894.png, 6, 141, 110
Galileo_895.png, 6, 261, 269
Galileo_896.png, 6, 50, 211
Galileo_897.png, 6, 167, 95
Galileo_898.png, 6, 22, 162
Galileo_899.png, 6, 141, 85
Galileo_900.png, 6, 50, 166
Galileo_901.png, 6, 320, 344
Galileo_902.png, 6, 157, 210
Galileo_903.png, 6, 108, 32
Galileo_904.png, 6, 334, 18
Galileo_905.png, 6, 234, 265
Galileo_906.png, 6, 73, 149
Galileo_907.png, 6, 154, 91
Galileo_908.png, 6, 286, 289
Galileo_909.png, 6, 14, 145
Galileo_910.png, 6, 56, 22
Galileo_911.png, 6, 352, 146
Galileo_912.png, 6, 208, 223
Galileo_913.png, 6, 175, 228
Galileo_914.png, 6, 224, 228
Galileo_915.png, 6, 43, 241
Galileo_916.png, 6, 40, 329
Galileo_917.png, 6, 199, 156
Galileo_918.png, 6, 36, 349
Galileo_919.png, 6, 238, 330
Galileo_920.png, 6, 123, 23
Galileo_921.png, 6, 244, 209
Galileo_922.png, 6, 78, 188
Galileo_923.png, 6, 136, 135
Galileo_924.png, 6, 168, 251
Galileo_925.png, 6, 277, 163
Galileo_926.png, 6, 143, 160
Galileo_927.png, 6, 241, 21
Galileo_928.png, 6, 263, 33
Galileo_929.png, 6, 6, 156
Galileo_930.png, 6, 138, 191
Galileo_931.png, 6, 51, 76
Galileo_932.png, 6, 182, 342
Galileo_933.png, 6, 316, 211
Galileo_934.png, 6, 241, 269
Galileo_935.png, 6, 105, 352
Galileo_936.png, 6, 223, 116
Galileo_937.png, 6, 192, 319
Galileo_938.png, 6, 232, 166
Galileo_939.png, 6, 305, 323
Galileo_940.png, 6, 22, 26
Galileo_941.png, 6, 355, 76
Galileo_942.png, 6, 97, 260
Galileo_943.png, 6, 201, 235
Galileo_944.png, 6, 72, 57
Galileo_945.png, 6, 244, 57
Galileo_946.png, 6, 60, 1
Galileo_947.png, 6, 250, 139
Galileo_948.png, 6, 106, 79
Galileo_949.png, 6, 229, 317
Galileo_950.png, 6, 240, 276
Galileo_951.png, 6, 201, 307
Galileo_952.png, 6, 139, 72
Galileo_953.png, 6, 27, 190
Galileo_954.png, 6, 303, 133
Galileo_955.png, 6, 60, 264
Galileo_956.png, 6, 35, 82
Galileo_957.png, 6, 79, 356
Galileo_958.png, 6, 27, 157
Galileo_959.png, 6, 345, 14
Galileo_960.png, 6, 261, 339
Galileo_961.png, 6, 9, 328
Galileo_962.png, 6, 249, 196
Galileo_963.png, 6, 305, 129
Galileo_964.png, 6, 246, 22
Galileo_965.png, 6, 197, 73
Galileo_966.png, 6, 267, 113
Galileo_967.png, 6, 10, 108
Galileo_968.png, 6, 297, 3
Galileo_969.png, 6, 333, 346
Galileo_970.png, 6, 324, 11
Galileo_971.png, 6, 0, 289
Galileo_972.png, 6, 236, 80
Galileo_973.png, 6, 254, 263
Galileo_974.png, 6, 274, 346
Galileo_975.png, 6, 237, 225
Galileo_976.png, 6, 13, 7
Galileo_977.png, 6, 104, 138
Galileo_978.png, 6, 228, 22
Galileo_979.png, 6, 58, 137
Galileo_980.png, 6, 233, 199
Galileo_981.png, 6, 334, 190
Galileo_982.png, 6, 301, 250
Galileo_983.png, 6, 174, 251
Galileo_984.png, 6, 247, 18
Galileo_985.png, 6, 347, 36
Galileo_986.png, 6, 290, 90
Galileo_987.png, 6, 80, 337
Galileo_988.png, 6, 216, 314
Galileo_989.png, 6, 211, 11
Galileo_990.png, 6, 270, 333
Galileo_991.png, 6, 222, 229
Galileo_992.png, 6, 101, 319
Galileo_993.png, 6, 294, 292
Galileo_994.png, 6, 231, 254
Galileo_995.png, 6, 85, 25
Galileo_996.png, 6, 164, 70
Galileo_997.png, 6, 155, 28
Galileo_998.png, 6, 141, 27
Galileo_999.png, 6, 236, 327
